"","Trt.Unit","Species","1994","2019"
"1","Trt:10","Bl",5.79943658719452,17.2701924715775
"2","Trt:10","Sx",3.01780133666774,11.8923984591992
"3","Trt:20","Bl",8.39349676515342,17.9647766161377
"4","Trt:20","Fd",1.07513154587477,1.41447381794492
"5","Trt:20","Sx",6.01841501992769,10.1587608187982
"6","Trt:Control","Bl",17.4534949781365,26.8683109486014
"7","Trt:Control","Sx",10.2087466995094,11.5366382239214
